Place Name,Category,Rating,Address,About
The Museum of Egyptian Antiquities,Speciality Museums,4.5,"Midan El Tahrir Geographical Society Building, Cairo 11511 Egypt","This famous museum houses the world‚Äôs largest collection of ancient Egyption artifacts (more than 120,000 items on display) featuring the famous Tutankhamun collection with its beautiful gold death mask and sarcophagus and the royal Mummy room, which houses an additional eleven Pharaonic dignitaries."
Mosque of Muhammad Ali,Historic Sites,4.5,"Al Abageyah El Khalifa, Cairo 4252360 Egypt","Located in the Citadel, this mosque was built between 1824 and 1857 in the Ottoman style by Mohammad Ali Pasha, a ruler of Egypt."
Nile River,Bodies of Water,4.5,"1187 Nile Corniche, Boulaq Num.5, Bulaq, Cairo Governorate 4311001","Stretching for 4,187 miles, the longest river in the world flows from its major source, Lake Victoria in east central Africa, through Uganda, Sudan, Ethiopia and northwards into Egypt to the Mediterranean Sea."
Coptic Cairo,Neighborhoods,4.5,"Kom Ghorab, Old Cairo, Cairo Governorate","Once known as the Roman stronghold of Babylon, Cairo‚Äôs oldest section is the ancient heart of the Coptic Christian community featuring five original churches, the first mosque built in Egypt and the oldest synagogue, all representing three of the major world religions."
Khan Al-Khalili,Flea & Street Markets,4.0,"El-Gamaleya, El Gamaliya, Cairo Governorate 4331302","This vibrant open-air bazaar is a treasure trove of Egyptian culture, with bustling streets filled with local artisans and vendors. Here, you can pick up unique souvenirs like spices and perfumes, or simply soak up the local atmosphere. And don't forget to haggle for the best bargains. The best time to go is in the morning before the crowds arrive and the weather gets too hot. Take a break from the shopping and pay a visit to El-Fishawi Cafe, one of Cairo's oldest, for a cup of tea or coffee. To learn more about the bazaar's rich history, join a walking tour to discover fascinating stories and insights from a knowledgeable guide. ‚Äì Tripadvisor"
"Hanging Church (El Muallaqa, Sitt Mariam, St Mary)",Architectural Buildings,4.5,"Shar'a Mari Girgis St., Cairo 11511 Egypt","This church, originally built in the ancient fortress of Babylon in Old Cairo around 4th century AD, derives its name from its location suspended above two Roman gate towers."
Islamic Cairo,Neighborhoods,4.5,"Midan Silah ad-Din, Cairo 11511 Egypt","After the Muslims conquered Egypt in 641 AD, they built their city, Al-Fustat, on what is now the southern border of modern Cairo. Today, this section of the city contains many important sites including the Mosque of Sultan Hassan, Mosque of al-Azhar and the Khan al-Khalili market, which is considered the heart of this area."
Cairo Citadel,Historic Sites,4.5,"Salah Salem St, Cairo 11511 Egypt","This massive stone fortress, built by Salah ad-Din in the 12th century, was crowned with the Mosque of Mohammed Ali 700 years later."
Mosque and Madrasa of Sultan Hassan,Historic Sites,4.5,"Maydan Salah al-Din, Cairo 11511 Egypt",Sultan Hassan started to built his mosque in 1356 and it took 7 years. Several tragedies occurred during construction eg. one of the minarets collapsed and buried 300 people under it. It‚Äôs a huge and magnificent building. I think the greatest parts of the mosque are the entrance gate and the well. It‚Äôs worth to visit.
Al-Azhar Park,Parks,4.5,"Salah Salem St Al Darassa Hill, Cairo 4294010 Egypt","This was a perfect escape from the madness of Cario, after the bazaar we needed a tea and sit down in the sunshine. We enjoyed it so much we stayed for dinner. There are two restaurants with very comfy seating and lovely views. The park is open till 10pm. Getting a taxi from outside was east as people are being dropped off all the time. What a wonderful space."
Cave Church,Churches & Cathedrals,4.5,"Mokattam, Cairo 11511 Egypt","Of all the things I saw in Cairo, including the pyramids, this was the best. Way up in the hills, away from the city, stands the majestic and highly unexpected place of worship. The church is truly beautiful and so unique with Bible verses etched into the rock in different areas. It's free to enter and a really peaceful place to visit."
Zamalek (Gezira Island),Neighborhoods,4.5,Zamalek,"This island is located in the Nile River between downtown Cairo and Giza, and is characterized by upscale hotels, restaurants and pleasant gardens."
Gayer-Anderson Museum (Bayt al-Kiritliya),Historic Sites,4.5,"4 Maydan Ibn Tulun Old Cairo, Cairo 11511 Egypt","This museum features the items of antiquity collected by John Gayer-Anderson, a British member of the Egyptian civil service in the 1930s and ‚Äò40s, who restored two adjacent 16th- and 17th-century houses decorated with mashrabiyya screens and marble inlays."
Al-Azhar Mosque,Religious Sites,4.5,"Mohammed Abdou El-Darb El-Ahmar, Cairo 11511 Egypt","The oldest university in the world is built around this ancient mosque, which has been the center of Islamic scholarship since 975 AD."
Mosque of Ibn Tulun,Historic Sites,4.5,"Ahmed Ibn Tolon Sq. Tolon, El Sayeda Zeinab, Cairo 11511 Egypt","This is considered one of Egypt's largest and oldest mosques, which was built between AD 876 and AD 879 by an Abbasid governor sent from Baghdad to rule over Egypt."
City Stars Mall,Shopping Malls,4.5,"Omar Ibn El Khattab St. Masaken Al Mohandesin, Cairo 11511 Egypt","Very spacious and huge Mall located in Nasr City consists of two phases. Guiding maps display screens are available everywhere inside the Mall. In addition to counters where staff can help you in person. There are various affordable and expensive brands as well as all diffident kind of restaurants and cafes. Kids areas and park are located in phases 1 and 2. Strollers are also available for rent. There are laundry, tailors shops and many other public services such as car license renewals, personal ID issuance, notarization office, post office, etc.. Parking is available under the mall with affordable fees. During Ramadan, Christmas and New Year seasons, beautiful decors are established."
Sharia Al Mu'izz Li-Din Allah,Points of Interest & Landmarks,4.5,"Al Moez Ldin Allah Al Fatmi, Cairo 11511 Egypt",Cairo's main street which recently became pedestrian only is filled with historic sites.
Church of St. Sergius and Bacchus,Churches & Cathedrals,4.5,"Mari Gerges, Kom Ghorab, Cairo 11511 Egypt","We walked down to this popular old church, which probably is from 5th century. According to a legend, the holy family fleeing from Herod hid here in the cave (now it‚Äôs the cript). It‚Äôs a pity the cript can‚Äôt be visited, but the church is nice."
National Museum of Egyptian Civilization NEMC,History Museums,4.5,"Al Fustat Street Ain Al Sira, Cairo 17611 Egypt","This is a new museum, thoughtfully arranged chronologically to give one a good understanding of Egypt‚Äôs history. See the upper level first ‚Äî it goes through 4000 years of Egyptian history ‚Äî then proceed down to the mummies display (which is fascinating). Otherwise one emerges from the mummies at a rather random location on the upper level ‚Äî and it‚Äôs confusing to figure out where to start. Go here before the Egyptian Museum because it provides a better explanation of Egyptian history. Once you have that basic background, the Egyptian Museum ‚Äî which is somewhat disorganized ‚Äî makes a bit more sense. Fridays  extended hours 6-9 pm, less busy than normal."
Coptic Orthodox Church of St. George (Mari Girgis),Religious Sites,4.5,"Nearby Roman Fortress Old (Coptic) Cairo, Cairo 11511 Egypt","Originally built in 684 AD by the wealthy scribe Athanasius, this religious site is known for its beautiful Qaa el-Arsan (wedding chamber) that dates from the 4th century."
Manial Palace Museum,History Museums,4.5,"1 Saray Street Manyal, Cairo 11511 Egypt","Built by Prince Mohamed Ali (1875-1955), between 1901 and 1929, this palace complex houses six structures including a hunting museum belonging to the late King Farouk, the prince‚Äôs residence and furnishings and a beautiful garden."
Al Rifai Mosque,Religious Sites,4.5,"El-Refaey, El-Darb El-Ahmar, El Khalifa, Cairo Governorate 4292008", El-Darb El-Ahmar
The Coptic Museum,Art Museums,4.5,"No 4 Fakhry Abd el Nour street Abbassia, Cairo 11511 Egypt","Housing some of the finest collections of Coptic art dating back to Egypt‚Äôs Christian era, this museum includes collections of ancient ankhs and Horus-like falcons, stone carvings from the era of the Mamluks, a 6th-century Coptic stone pulpit and the 1,600-year-old Coptic book of the Psalms of David."
Museum of Islamic Arts,Art Museums,4.5,"Shar'a Bur Bab El Khalk Square, Cairo 11511 Egypt","Terrible wheelchair access, high curbs , stairs, no information as to where to go, ramps but only after 3 or 4 stairs.. absolutely awful.. needed to be lifted up stairs , lift by stairs obliviously older than some of the exhibits.. staff helpful but expected a tip for doing so .. Cairo is a very polluted, dirty, downtrodden place. Very very noisy, congested and filthy.. no idea of wheelchair access apart from 45 degree ramps .. The museum itself was very interesting but unless you were accompanied by a few others it‚Äôs impossible to get in .. like the majority of the other museums in Egypt as well.."
Cairo Tower,Observation Decks & Towers,4.0,"El-Andalus, Cairo 11511 Egypt","At a height of 600 feet, this tower offers magnificent views of the entire city and monuments from its revolving rooftop restaurant and bar."
Cairo Festival City Mall,Shopping Malls,4.5,"Nasr City, Cairo Governorate 4730020",The place is so good and it has everything that everyone need in their day or hangout. The Only Problem in this place in going there in weekends as always the security is rude and they may not let you enter the mall with no reason. The Mall is not good for many people as it has low capacity in comparison with other malls in Egypt (Also Made By Al Fatim)
Heliopolis,Neighborhoods,4.5,Heliopolis,"I love living in Heliopolis , walking the streets after midnight is so calming and break-taken and it‚Äôs even better driving"
Street of the Tentmakers (Sharia Khayamiya),Flea & Street Markets,5.0,"Islamic Cairo, Cairo 11511 Egypt",We both loved this - like stepping back in time to what you could imagine old markets to be like - amazing handcrafted items made by local artisans. We couldn't resist and had to buy an extra suitcase to take everything home - even a tent!!
Mall of Arabia Cairo,Shopping Malls,4.5,"Mehwer 26th July,6th of October City Juhaynah Square, Cairo 11511 Egypt",Mall of Arabia is Egypt's Biggest Mall in terms of space and number of stores
Synagogue Ben Ezra,Historic Sites,4.0,"Kom Ghorab 264J+7CV, Cairo 11511 Egypt",The oldest existing synagogue in Cairo was originally a church in the 8th century.
Abdeen Palace Museum,History Museums,4.0,"Moustafa Abdel Raziq Street off Abdeen Square, Cairo 11511 Egypt","Formerly serving as a royal palace until the end of the monarchy in 1952, this history museum features a large collection of weapons and medals including knives, guns, cannons and an exhibit of medals."
Wekalet El Ghouri Arts Center,Convention Centers,4.5,"3 Mohamed Abdo St Muhammad 'Abduh Street, Cairo 11511 Egypt","Is a old islamic school, that now is used for shows. We went there to see the Tannoura dance. We arrived more than one hour in advance because we didn't know how it worked. Office ticket opens at 6.30pm and the show starts one hour later. You cannot reserve, there are seats, but it is first come first served. Price 90 egyptian pounds ( for foreigners)  You can go on your own, it is not necessary to hire a tour. Very unique and nice experience of local traditional dance and music."
Mosque of Amr Ibn Al-As,Religious Sites,4.5,"ÿßŸÑŸÉŸÅŸàÿ± ŸÖŸäÿØÿßŸÜ ÿ¨ÿßŸÖÿπ, Sidey Hassan Al Anwar, Old Cairo, Cairo Governorate",When we were on a G Adventures tour of Egypt we stopped in to this mosque to look around. It is a spectacular space.
Baron Palace,Points of Interest & Landmarks,4.5,"El-Orouba Street Heliopolis, Cairo 11511 Egypt","Good place to visit if in the area. The Baron Empain help build Heliopolis, so the history described is very interesting. Also built the first tram lines and more. Nice views from the roof, nice sculptures in the gardens. Unless you're into urban planning or are staying in city Nasr or close by, it‚Äôs a nice place to visit, but spending more hours at the Egyptian museum near Tahrir sqaure is probably better."
Mamluk Jewellery and Bazaar,Speciality & Gift Shops,4.5,"Nasr Awad off, Salah Salem St, Old Cairo, Cairo Governorate","An Egyptian antique and jewellery shop that contains wide range of localy hand made Egyptian products that ranges from high replicas of Ancient Egyptian satues to gold, diamond and silver jewelleries and precious stones. Products are for both ancient egyptian art as well as islamic and arabic arts. You can visit us and watch your jewellery being made on the spot at our factory."
St Simon the Tanner Monastery,Churches & Cathedrals,4.5,"Mokattam Hills, Cairo 11511 Egypt",
Qalawun Complex,Historic Sites,4.5,"El-Gamaleya, Qism El-Gamaleya, Cairo 11511 Egypt","Constructed in 1285 AD, Qalawun complex is  one of the fine examples of Mamluk architectecture, which is also regarded as a major structure in the very heart of Old Cairo on city's famous and historic Al-Muizz street. As a complex, Qalawun complex has a mosque, a religious school, a hospital and moseleum of Mamluk Sultan Qalawun, who commissioned this complex."
Cairo Opera House,Theaters,4.0,"Opera Square, Zamalek, Cairo 11511 Egypt","This cultural venue, The National Cultural Centre ""Cairo Opera House"" is part of the Ministry of Culture and serves as an umbrella organization for all the music or dance companies, galleries, museums and the educational programs of the Cairo Opera House. It was established in 1988 with the inauguration of the new Cairo Opera House. Its goal is to promote the arts of music and dance and to preserve and renew traditional Arab music. In order to be more than just a place where music and art are performed the National Cultural Centre wants to give space to learning and inspiration, to the exchange of ideas, the respect of a common cultural heritage, and a shared passion for the arts. It encourages interest for music and art in the younger generation by offering ballet, voice or instrumental classes for talented children or youths. Performances of ballet, operatic or symphonic works are staged with Egyptian companies or in cooperation with foreign ensembles or soloists. Seminars and cultural conferences covering a wide range of artistic and intellectual issues are held regularly. Opera House companies are frequently sent on tours to different Egyptian governorates to give the people in urban areas the chance to see national and international art performances. In March 1985, Former President Mubarak laid the first corner stone of the new Cairo Opera House which was to be built with the support of JICA, the Japan International Cooperation Agency. Careful planning by the Ministry of Culture in Cairo and the JICA produced a design suggestive of traditional Islamic architecture and blending in harmoniously with the surrounding buildings. In October 1988,Former President Mubarak and His Highness, Prince Tomohito of Mikasa, the younger brother of the Japanese Emperor, inaugurated the National Cultural Centre ‚ÄúCairo Opera House‚Äù in a remarkable ceremony. It was the first time for Japan to stage a Kabuki show, a traditional popular drama with singing and dancing, in Africa or the Arab World."
City of the Dead (Northern Cemetery),Cemeteries,4.0,"East of Sharia Salah Salem, Cairo 11511 Egypt","Many magnificent funerary complexes are located here including the Mosque of Qaitbey (completed in 1474 AD), the Complex of Sultan Ashraf Barsbey and the Mausoleum of Ibn Barquq."
Midan Hussein,Points of Interest & Landmarks,4.0,Imam Hussein Square,"Square in front of Imam Husseins masjid which only opens for prayers and females werent allowed inside because of corona.Cafe shops ,khanel khalil bazaar close by."
Al-Hakim Mosque,Religious Sites,4.0,"154 Al Moez Ldin Allah Al Fatmi, El-Gamaleya, El Gamaliya, Cairo Governorate 4331215","Al-Hakim mosque, Cairo, Egypt üá™üá¨ Completed over a thousand years ago in 1013 under the command of 6th Fatmid caliph, ""Al-Hakim bi Amr Allah"", Al Hakim mosque with its massive rectangular courtyard, it's impressive inner prayer hall, Mihrab(place for Imam), kufic(old Arabic) inscriptions on its inner walls and minerets in their original form from Fatmid era, is one of many historic mosques on city's famous Al-Muizz street."
Nilometer,Dams,4.5,"Roda Island, Cairo 11511 Egypt","It‚Äôs an interesting place and concept. The place is small so you‚Äôll spend around 15 minutes inside it. At the entrance, we requested and paid for 3 tickets (EL 60, 20 per adult as foreigners); however, the person in charge gave us only 2 tickets and said it‚Äôs ok!! He insisted to come with us to explain and we gave him a tip for that. On our way out, he said that he wants the tickets back. It turned out that he sells the same tickets for more than one person and steals the money of his own employer. A very shameful behavior which makes you sad for Egypt."
Church of St. Barbara,Religious Sites,4.0,"Near the Roman Fortress, Cairo 11511 Egypt","Considered one of Egypt‚Äôs largest and most magnificent churches, this religious site features a domed asp with seven steps decorated in bands of black, white and red marble."
Mosque of Syeda Zainab,Religious Sites,4.5,"Syeda Zainab, Cairo 11511 Egypt",This is a historical place and very sacred for muslims. There is a different kind of spiritual feel to this place but the cleanliness and chaos around the area disappointed me as a tourist. The management and people really need to work toward keeping the place clean.
Fort of Babylon,Historic Sites,4.0,"Coptic Cairo, Cairo 11511 Egypt","First built by the Persians in the sixth century B.C., this fortress contains several Christian churches built into or on its walls including the El-Muallaqa (the Hanging Church) and the Greek Church of St. George."
Iridium Spa,Health Clubs,5.0,"1189 Nile Corniche The St. Regis Cairo, Cairo 11221 Egypt","Iridium Spa represents one of the essences of The St. Regis brand. It is a sanctuary for the extraordinary and one of a kind when it comes to bespoke services and living exquisitely. It brings creativity, curation and high culture all in one place‚Äîconveying serenity for those who seek peace and relaxation."
Pyramids Camel Ride,Safaris,5.0,"44 st Nazlat Al Samman Street, Cairo 12557 Egypt",We are a creative luxury desert camps & camel ride company
Liberation Square (Midan El-Tahreer),Points of Interest & Landmarks,3.5,"In Front of the Egyptian Museum, Cairo 11511 Egypt","Not worth going out of your way, but there is a decent military statue and some lovely local markets in and around the square."
Kempinski The Spa,Spas,5.0,"12 Ahmed Ragheb Street Cornish El-Nile,, Cairo 11519 Egypt","Kempinski The Spa is a place to unwind and relax whilst staying in the heart of the city, combining Egyptian and European elegance, is an oasis of well-being and serenity for the mind, body and soul. Beautifully positioned within Cairo‚Äôs exquisite Kempinski Nile Hotel, Garden City. Kempinski The Spa‚Äôs features five individual treatment rooms, one of which is the Spa Suite and can be used for coup"
Le Quell Elite,Spas,5.0,"1 Al Adel Abou Bakr St Four Seasons, First Mall - Giza, Cairo 11211 Egypt","Signature services. Serene settings. Refined relaxation! At our exclusive spa, clients at Le Quell Elite can experience an array of revitalizing treatments in surroundings that indulge mind, body and spirit. Gift yourself the ultimate luxury‚Äì time for yourself away from the complexities of life, to indulge in our elegantly crafted treatments. Bespoke and discreet, all Le Quell Elite Spa treatments are designed to be individually personalized, and tailored to every clients‚Äô needs. N.B. Our treatments provided to ladies only."
Tell Basta,Historic Sites,4.5," El-Shohada, Shobak Bastah, Zagazig 1, Al-Sharqia Governorate 44513","
Bubastis, also known in Arabic as Tell-Basta or in Egyptian as Per-Bast, was an ancient Egyptian city. Bubastis is often identified with the biblical Pi-Beseth"
Ahmed Orabi Museum,History Museums,3.0,"Harayah Raznah, Zagazig, Al-Sharqia Governorate 7143235","The Orabi Museum is located in Hariyat Razanah in Sharkia Governorate. This museum tells about fighting Egyptians under the occupation and this first group that includes many historical paintings, statues and documents closely related to the leader Ahmed Orabi."
Saft el-Hinna,Historic Sites,4.5,Saft Al Henna Kefourha Abu Hammad Al-Sharqia Governorate,"Saft el-Hinna is a village and an archaeological site in Egypt. It is located in the modern Al Sharqia Governorate, in the Nile Delta, about 7 km southeast of Zagazig."